id,ticker,name,kind,market,startDate,startPrice,latestDate,latestPrice,initialShares,initialInvested,currentValue,profit,returnPct
DGU_PORTFOLIO,DGU,DGU 포트폴리오,portfolio,CUSTOM,2020-01-02,855923.8672,2026-10-07,3741570.0,각 종목 1주,855923.8672,3741570.0,2885646.1328,337.1382
SAMSUNG_ELEC,005930.KS,삼성전자,stock,KRX,2020-01-02,55200.0,2026-10-07,268500.0,1,55200.0,268500.0,213300.0,386.413
SKHYNIX,000660.KS,SK하이닉스,stock,KRX,2020-01-02,94700.0,2026-10-07,1723000.0,1,94700.0,1723000.0,1628300.0,1719.4298
KIA,000270.KS,기아,stock,KRX,2020-01-02,42500.0,2026-10-07,109600.0,1,42500.0,109600.0,67100.0,157.8824
SHINHAN,055550.KS,신한지주,stock,KRX,2020-01-02,42600.0,2026-10-07,103300.0,1,42600.0,103300.0,60700.0,142.4883
AMOREPACIFIC,090430.KS,아모레퍼시픽,stock,KRX,2020-01-02,207500.0,2026-10-07,138500.0,1,207500.0,138500.0,-69000.0,-33.253
SKYLIFE,053210.KS,스카이라이프,stock,KRX,2020-01-02,8730.0,2026-10-07,4050.0,1,8730.0,4050.0,-4680.0,-53.6082
CJENM,035760.KQ,CJ ENM,stock,KOSDAQ,2020-01-02,155600.0,2026-10-07,35250.0,1,155600.0,35250.0,-120350.0,-77.3458
SHINWON,009270.KS,신원,stock,KRX,2020-01-02,1840.0,2026-10-07,1070.0,1,1840.0,1070.0,-770.0,-41.8478
DONGYANG_EXP,084670.KS,동양고속,stock,KRX,2020-01-02,27100.0,2026-10-07,29250.0,1,27100.0,29250.0,2150.0,7.9336
UNID,014830.KS,유니드,stock,KRX,2020-01-02,59213.8672,2026-10-07,60500.0,1,59213.8672,60500.0,1286.1328,2.172
HANSSEM,009240.KS,한샘,stock,KRX,2020-01-02,66700.0,2026-10-07,40500.0,1,66700.0,40500.0,-26200.0,-39.2804
SEOYONEHWA,200880.KS,서연이화,stock,KRX,2020-01-02,5140.0,2026-10-07,11050.0,1,5140.0,11050.0,5910.0,114.9805
SAMYANGFOODS,003230.KS,삼양식품,stock,KRX,2020-01-02,89100.0,2026-10-07,1217000.0,1,89100.0,1217000.0,1127900.0,1265.881
KOSPI,^KS11,코스피,benchmark,INDEX,2020-01-02,2175.1699,2026-10-06,6941.3901,,2175.1699,6941.3901,4766.2202,219.1194
SP500,^GSPC,S&P 500,benchmark,INDEX,2020-01-02,3257.8501,2026-10-07,7801.77,,3257.8501,7801.77,4543.9199,139.476
NASDAQ,^IXIC,나스닥,benchmark,INDEX,2020-01-02,9092.1904,2026-10-07,27538.6914,,9092.1904,27538.6914,18446.501,202.8829
